key,en [English],sw [Swahili],ha [Hausa],yo [Yoruba],fr [French],ar [Arabic]
update_shara.title,Update Shara,Sasisha shara,Sabunta shara,,,
update_shara.description,A new version of the app is now available. Update now see what’s new,Toleo jipya la programu sasa linapatikana. Sasisha sasa uone kilichotekea,Ansaki sabon launin manhajar. Yi maza ka sabunta naka yanzu,,,
update_shara.submit_button,Update Now,Sasisha sasa,Sabuntawa yanzu,,,
next,Next,Fuatayo,Na Gaba,,,
send,Send,Tuma,Aika,,,
skip,Skip,Ruka,Tsallake,,,
get_started,Get Started,Anza,Farawa,,,
login.heading,Get Started For Free,Anza bure,Farawa kyauta,,,
login.subheading,Log in to auto-backup and sync your data securely,Ingia kwenye akaunti kiotomatiki na usawazishe data yako salama,Shiga ciki don adana bayanan kai tsaye ka kuma daidaita bayanan ka lafiya,,,
login.login_button,Next,Ifuatayo,Na Gaba,,,
login.forgot_password,Forgot your password?,Umesahau neno siri yako?,Manta lambar sirri,,,
register.header,Sign up,Jiandikishe,Yi rejista,,,
register.heading,Get Started For Free,Anza bure,Farawa kyauta,,,
register.subheading,Sign up and enjoy all the features available on Shara. It only takes a few moments.,Jiandikishe na ufurahie huduma zote zinapatikana. Inachukua muda mfupi tu,Yi rijista domin ku mori tsarukan da ake da su a shara. Yana daukan kankanin loakcine kawai.,,,
register.submit_button,Sign Up,Jiandikishe,Yi rijista,,,
register.have_account,Already have an account?,Tayari unayo akaunti,Ina da rijista,,,
register.sign_in,Sign In,Jiandikishe,shiga,,,
otp.heading,OTP,OTP,OTP,,,
otp.subheading,"We’ve sent a one-time password to mobile number **{{mobile}}**, check your SMS or Whatsapp and enter it below.",Kichwa kidogo cha OTP,"Muntura OTP, duba cikin sakon wayar ka ko whatsapp dinka sai kashigar da it anan",,,
otp.otp_resent,OTP RESENT,OTP imerudishwa,A sake tura OTP,,,
otp.otp_button,Get Started,Anza,Farawa,,,
otp.resend_text,Didn't receive the code?,Hukupokea nambari hiyo,Ban samu lambar ba,,,
otp.resend_button,Resend Code,Tuma tena nambari,Sake turo wata lambar,,,
forgot_password.heading,Forgot your password?,Umesahau nambari yako ya siri,Manta lambar sirri,,,
forgot_password.subheading,Enter your mobile number to receive your OTP,Ingiza nambari yako kupokea OTP,Shigar da lambar wayarka domin samun OTP,,,
forgot_password.fp_button,Submit,Wasilisha,Turawa,,,
reset_password.header,Reset your password,Weka upya namba yako ya siri,Sake seta lambar sirri,,,
reset_password.heading,Reset your password,Weka upya namba yako ya siri,Sake seta lambar sirri,,,
reset_password.password_match,Passwords do not match,Namba yako ya siri hazilingani,lambar sirri bata zo iri daya ba,,,
reset_password.submit_button,submit,Wasilisha,Turawa,,,
reset_password.otp_label,OTP,OTP,OTP,,,
reset_password.password_label,Enter you new password,Ingiza namba yako mpya ya siri,Sanya sabuwar lambar sirri,,,
reset_password.repeat_password_label,Enter your password again,Ingiza namba yako ya siri tena,sake sanya lambar sirri,,,
fields.phone.label,What's your phone number?,Namba yako ya simu ni ipi,Lambar waya,,,
fields.phone.placeholder,Enter your number,Weka number yako,Kusanya lambar ku,,,
fields.password.label,Enter your password,Eka namba yako ya siri,Sanya lambar sirri,,,
fields.confirm_password.label,Confirm password,Thibitisha namba yako ya siri,Tabbatar da lambar sirri,,,
fields.name.label,Name,Jina,Suna,,,
alert.minimum_phone_digits,Number should be minimum of 5 digits,Nambaro inapaswa kuwa na kiwango cha chini cha tarakilimu,lambar kar ta wuce guda biyar,,,
alert.error,Error,Kosa,Kuskure,,,
alert.select_country,Please select a country,Tafadhali chagua nchi,Zabi Kasa,,,
alert.password_match,Passwords must match,Namba yako ya siri inapaswa kufanana,Dole lambar sirri tazo iri daya,,,
alert.required.number,Number is required,Nambari inahitajika,Ana bukatar lamba,,,
alert.required.password,Password is required,Namba ya siri inahitajika,Ana bukatar lambar sirri,,,
alert.required.otp,OTP is required,OTP inahitajika,Ana bukatar OTP,,,
alert.something_went_wrong,Oops! Something went wrong.,Kuna kitu kimeenda vibaya,Oops! Akwai abun daya faru,,,
alert.feedback_validation,Minimum of 25 charaters allowed,Kima cha chini cha makaratasi 25 huruhusiwa,Mafi karancin harufa 25 aka yarda asaka,,,
alert.feedback_is_empty,Message cannot be empty,Ujumbe hauwezi kuwa tupu,Sako bazai zama fanko ba,,,
alert.clear_app_data,Try clearing app data from application settings,Jaribu kufuta data ya programu kutoka kwa mipangilio ya programu,Gwada share bayanan manhajar daga cikin saitin aikace aikace,,,
alert.ok,OK,Sawa,Yayi,,,
alert.sync.title,Sync in progress,Usawazishaji unaendelea,Ana kan daidaita aiki,,,
alert.sync.description,We are syncing your data across the Shara app. This might take a few seconds.,Tunasawazisha data yako kwenye programu ya Shara.Hii itachukua sekunde chache.,Ana kan daidaita bayananku zuwa sassan manhajar shara. zai dan dauki lokaci,,,
alert.api.fallbackError,Oops! Something unexpected happened.,Kitu kisichotarajiwa kimetokea,Oops! Akwai abun daya faru cikin rashin tsammani,,,
alert.api.auth.otp.welcomeBack,Welcome back to Shara. We've sent an OTP to your mobile number,Karibu tena Shara tumetuma OTP kwa nambari yako ya rununu,Barka da dawowa shara. Mun turo OTP zuwa lambar wayar ka,,,
alert.api.auth.otp.welcome,Welcome to Shara. We've sent an OTP to your mobile number,Karibu tena kwa Shara .Tumetuma OTP kwa nambari yako ya rununu,Barka da shigowa shara. Mun turo OTP zuwa lambar wayar,,,
alert.api.auth.otp.selectCountry,Please select a country,Tafadhali chagua nchi,Zabi Kasa,,,
alert.api.auth.otp.fallbackError,Oops! An error occurred while signing up user,Hitilafu ilitokea wakati wa kusajili mtumiaji,Oopa! Ansamu kuskure yayin yin rijista,,,
alert.api.auth.login.otpExpired,OTP has expired,OTP imeisha,OTP Ta Kare,,,
alert.api.auth.login.success,Login Successful,Kuingia kumefanikiwa,Shiga tayi nasara,,,
alert.api.auth.login.fallbackError,Invalid mobile or OTP,Simu batili au OTP,Ansaka lamba ko OTP ba daidai ba,,,
alert.api.business.notFound,Business not found,Biashara haikupatikana,Ba a samo cinikayya ba,,,
alert.api.business.create.success,Business created successfully,Biashara iliyoundwa kwa mafanikio,Anyi nasarar hada cinikayya,,,
alert.api.business.details.success,Business found successfully,Biashara imepatikana kwa mafanikio,Ansamu nasarar samo cinikayya,,,
alert.api.business.customerDetails.notFound,Customer not found,Mteja hapatikani,Ba asamo kwastoma ba,,,
alert.api.business.customerDetails.success,Customer found successfully,Mteja amepatikana kwa mafanikio,Anyi nasarar samo kwastoma,,,
alert.api.business.update.uniqueSlug,This slug has been taken already,Slug imechukuliwa tayari,Anriga an dauki wannan slug din,,,
alert.api.business.update.success,Business updated successfully,Biashara imesasishwa kwa mafanikio,Anyi nasarar sabunta cinikayya,,,
alert.api.fcm.addToken.missingFields,FCM token and platform are required,Ishara ya FCM na jukwaa inahitajika,Ana buqata alamar da dandamalin FCM,,,
alert.api.fcm.addToken.success,Token updated successfully,Tokeni imesasishwa kwa mafanikio,Anyi nasarar sbunta alama,,,
alert.api.passwordReset.notFound,Account not found,Akaunti haikupatikana,Ba asamu asusu ba,,,
alert.api.passwordReset.create.success,Please use the OTP sent to your mobile number,Tafadhali tumia OTP iliyotumwa kwa nambari yako ya rununu,Yi amfani da OTP da aka tura,,,
alert.api.passwordReset.reset.invalid,OTP has expired or is invalid,OTP imeisha ama ni batili,OTP ta lalace ko ta kare,,,
alert.api.passwordReset.reset.success,Password reset successful,Kuwekwa kwa nambari yako ya siri kumefanikiwa,Anyi nasarar sbunta lambar sirri,,,
alert.api.passwordReset.update.uniqueSlug,This slug has been taken already,Slug imechukuliwa tayari,Anriga an dauki wannan slug din,,,
alert.api.passwordReset.update.success,Business updated successfully,Biashara imesasishwa kwa mafanikio,Anyi nasarar sabunta cinikayya,,,
alert.api.paymentProvider.list.success,Payment providers retrieved successfully,Watoa malipo walipata kwa mafanikio,Anyi nasarar dawo da masu biyan kudi,,,
alert.api.user.update.success,User updated successfully,Mtumiaji amwsasishwa kwa mafanikio,Anyi nasarar sabunta user,,,
alert.api.mPesa.initiateSTKPush.business.notFound,Business not found,Biashara haipatikani,Ba a samo kasuwanci ba,,,
alert.api.mPesa.initiateSTKPush.customer.notFound,Business not found,Biashara haipatikani,Ba a samo kasuwanci ba,,,
alert.api.mPesa.initiateSTKPush.kenyaOnly,Business not found,Biashara haipatikani,Ba a samo kasuwanci ba,,,
alert.api.mPesa.initiateSTKPush.success,We were unable to send an STK push to your mobile number please try again or contact us through the Shara mobile application,Hatukuweza kutuma kitufe cha STK kwa nambari yako ya rununu tafadhali jaribu tena au wasiliana nasi kupitia programu ya rununu ya Shara,Ba mu sami ikon turo tura ta STK zuwa lambar wayarku ba da fatan a sake gwadawa ko a tuntube mu ta hanyar aikace-aikacen wayar Shara,,,
alert.api.mPesa.processValidationEvent.success,Error Validating Payment, Hitilafu katika kuhalalisha malipo,Ansamu matsalar inganta biya,,,
alert.api.mPesa.processConfirmationEvent.success,Error Confirming Payment,Hitilafu wakati wa kuthibitisha malipo,Ansamu matsalar Tabbatar da biya,,,
alert.api.disbursement.create.notFound,Your selected withdrawal method is not available,Njia uliyochagua ya kujiondoa haipatikani,Bamu da irin tsarin cirar kudin da aka zaba a yanzu,,,
alert.api.disbursement.create.success,Your withdrawal has been processed successfully,Utoaji wako umeshughulikiwa vyema,An aiwatar da cirar kudi cikin nasara,,,
alert.api.disbursement.create.insufficientBalance,You cannot withdraw more than {{maxAmount}},Huwezi kutoa zaidi ya {{max amount}},baza a iya cira ya wuce {{maxAmount}},,,
alert.api.disbursement.create.error,"We were unable to process your withdrawal, please try again or contact us through the Shara mobile application",Hatukuweza kushughulikia uondoaji wako tafadhali jaribu tena au wasiliana nasi kwa kupitia maombi ya rununu ya Shara,Mun gaza aiwatar da cirar kudi. A daure a kara gwadawa ko a nemomu ta manhajar shara,,,
alert.api.drawdown.create.notFound,No drawdown has been approved for you,Hakuna uondoaji umeidhinishwa kwako,Ba a tabbatar da bashi ba,,,
alert.api.drawdown.create.invalidAmount,Amount specified is more than the amount available for drawdown,Kiasi kilichoainishwa ni zaidi ya kiwango kinachopatikana cha kushuka,Farashin da aka zaba ya wuce Farashin karban bashinka,,,
alert.api.drawdown.create.inactive,Drawdown is not currently active,Kiwango ca kushuka hakifanyi kazi kwa sasa,karbar bashi bai fara aiki ba ayanzu,,,
alert.api.drawdown.create.error,"We were unable to process your drawdown, please try again or contact us through the Shara mobile application","Hatukuweza kushughulikia shida yako,tafadhali jaribu tena au wasiliana nasi kupitia programu ya rununu ya Shara","Mungaza aiwatar da bashinka, adaure a sake gwadawa ko a nememu ta manhajar shara",,,
alert.api.drawdown.create.success,Drawdown taken successfully,Mchoro umechukuliwa kwa mafanikio,An karbi bashi cikin nasara,,,
alert.api.drawdownRepayment.create.notFound,No drawdown has been approved for you,Hakuna mabadiliko ambayo yameidhinishwa kwako,Ba bashin da aka tabbatar,,,
alert.api.drawdownRepayment.create.complete,You've already finished repaying your loans,Umeshamaliza kulipa mikopo yako,Anriga da angama biyan bashi,,,
alert.api.drawdownRepayment.create.error,"We were unable to process your drawdown, please try again or contact us through the Shara mobile application",Hatukuweza kushughulikia shida yako tafadhali jaribu tena au wasiliana nasi kupitia programu ya rununu ya Shara,"Mungaza aiwatar da bashinka, adaure a sake gwadawa ko a nememu ta manhajar shara",,,
alert.api.drawdownRepayment.create.insufficientBalance,Your wallet balance is not sufficient,Salio lako la mkoba halitoshi,balans din wallet dinka basu kai ba,,,
alert.api.drawdownRepayment.create.success,Repayment successful,Ulipaji umafanikiwa,An sake biya cikin nasara,,,
alert.api.identity.verify.error,"We were unable to verify your identity, please try again or contact us through the Shara mobile application",Hatukuweza kuthibitisha upungufu wako tafadhali jaribu tena au wasiliana nasi kupitia programu ya simu ya Shara,Mun kasa inganta shaidarku. A daure ayi mana magana ta manhajar shara,,,
alert.api.identity.verify.invalid,Your ID is invalid,Kitamblisho chako ni batili,Shaidarku bata inganta ba,,,
alert.api.identity.verify.success,Verification successful,Uthibitishaji umefanikiwa,An tabbatar cikin nasara,,,
alert.api.identity.validate.error,OTP Validation Failed,Uthibitishaji wa OTP haukufaulu,Ba ayi nasarar in ganta OTP ba,,,
alert.api.identity.validate.invalid,Your OTP is invalid,OTP yako ni batili,OTP bata inganta ba,,,
alert.api.identity.validate.success,OTP Validation successful,Uthibitishaji wa OTP umefaulu,Anyi nasarar inganta OTP,,,
alert.api.bnplApproval.create.success,BNPL approved successfully,BNPL imeidhinishwa kwa mafanikio,BNPL Ta tabbata ,,,
alert.api.bnplApproval.create.error,Unable to approve BNPL for user,Imeshindwa kuidhinisha BNPL kwa mtumiaji,an gaza tabbatar da BNPL,,,
alert.api.bnplApproval.create.exists,An active BNPL exists for this user,BNPL inayotumika ipo kwa mtumiaji,kuna da BNPL da yake kan aiki a yanzu,,,
alert.api.bnplApproval.create.userNotFound,User not found,Mtumiaji hajapatikana,Angaza samo amfani,,,
alert.api.bnplDrawdown.create.notFound,No BNPL has been approved for you,Hakuna BNPL iliyoidhinishwa kwako,ba BNPL da aka tabbatar maku,,,
alert.api.bnplDrawdown.create.invalidAmount,Amount specified is more than the amount available for drawdown,Kiasi kilichoainishwa ni zaidi ya kiwango kilichopatikana cha kushuka,Yawan farashin da akasa ya wuce yawan farashin da aka yarje na drawdown,,,
alert.api.bnplDrawdown.create.inactive,Drawdown is not currently active,Kiwango cha kushuka hakifanyi kazi,Ba a tabbatar da drawdown a yanzu ba,,,
alert.api.bnplDrawdown.create.error,"We were unable to process your drawdown, please try again or contact us through the Shara mobile application",Hatukuweza kushughulikia shida yako tafadhali jaribu tena au wasiliana nasi kuipitia programu ya rununu ya Shara,"mun gaza aiwatar d drawdown, a daure a sake gwadawa ko a nememu ta manhajar shara ",,,
alert.api.bnplDrawdown.create.success,Drawdown taken successfully,Kiwango cha kushuka kimechukuliwa kwa mafanikio,An zabi drawdown cikin nasara,,,
alert.api.bnplDrawdown.create.duplicate,"This looks like a duplicate transaction. Please wait 2 minutes to retry, if this is not an error.","Hii inaonekana kama manunuzi ya nakala. Tafadhali subiri dakika 2 ili ujaribu tena, ikiwa hii sio kosa.","Wannan yana kama da ma'amala biyu. Da fatan za a jira minti 2 don sake gwadawa, idan wannan ba kuskure bane.",,,
alert.api.bnplRepayment.create.notFound,No BNPL has been approved for you,Hakuna BNPL iliyoidhinishwa kwako,ba BNPL da aka tabbatar maku,,,
alert.api.bnplRepayment.create.complete,You've already finished repaying your loans,Umeshamaliza kilipa mikopo yako,kun rigada kun gama biyan bashin ku,,,
alert.api.bnplRepayment.create.error,"We were unable to process your repayment, please try again or contact us through the Shara mobile application",Hatukuweza kushughulikia ulipaji wako tafadhali jaribu tena au wasiliana nasi kupitia programu ya simu ya Shara,"Mun gaza aiwatar da sake biyan da akayi, adaure a sake gwadawa ko a nememu ta manhajar shara ",,,
alert.api.bnplRepayment.create.insufficientBalance,Your wallet balance is not sufficient,Salio lako la mkoba halitoshi,balans din wallet dinka basu kai ba,,,
alert.api.bnplRepayment.create.success,Repayment successful,Ulipaji umefanikiwa,Anyi nasarar sake biya,,,
shara_tagline,Built To Get You Paid Faster,Fuatilia ni nani unayemdai na ulipwe kwa haraka,Domin biyan ku kudinku cikin sauri,,,
onboarding_copy_1.title,Get paid on time,Kulipwa kwa wakati,A biya ku kudinku akan lokaci,,,
onboarding_copy_1.description,Get paid 2.5 times faster with Shara,Kulipwa mara 25 kwa kasi zaidi na Shara,Da shara za asamu saurin biya sau 2.5,,,
onboarding_copy_2.title,Send free reminders,Tuma vikumbusho vya bure,Aika sakon tuni kyeuta,,,
onboarding_copy_2.description,Send Free Professional Payment Reminders via SMS and WhatsApp,Tuma mawaidha ya kitaaluma bure kutumia ujumbe na whatsapp,Aika sakon tunatarwa na musamman akan biyan kudi ta cikin whatsapp ko sakon waya,,,
onboarding_copy_3.title,Keep track of your revenue and who owes you,Fuatilia mapato yako na ni nani unayemdai,Kula da kudadan shiga dakuma wadanda suka ci bashi,,,
onboarding_copy_3.description,"Securely record your business data. It's private, secure and backed up in case you lose your device",Rekodi salama data yako ya biashara kwa usalama wa kibinafsi na kuhifadhiwa nakala rudufu,Amintaccen ricordin na bayanan kasuwancin ku. dakuma adana maku bayanaan ku cikin sirri,,,
activities,Activities,Shughuli,Ayyuka,,,
home,Home,Nyumbani,Farko,,,
payments,Payments,Malipo,Biya,,,
more_text,More,Zaidi,Kari,,,
home_screen_setup_business_text,Setup your business,Kuanzisha biashara yako,Saita kasuwancin ku,,,
reminder_text.one,Reminder,Ukumbusho,Tunatarwa,,,
reminder_text.other,Reminders,Makumbusho,Tunatarwa,,,
reminder_text.zero,Set Reminders,Weka vikumbusho,Saitin Tunatarwa,,,
payment_reminder.title,Settings,Mipangalio,Saituna,,,
payment_reminder.thank_you_for_doing_business,Thank you for doing business with {{business_name}}.,Asante kwa kufanya biashara na {{business_name}},Muna godiya da yin cinikayya da {{business_name}},,,
payment_reminder.reminder_count.one,A reminder will be sent a day before collection date,Ukumbusho utatumwa siku moja kala ya tarehe ya kukusanya,Za a tura Tunatarwa kwana daya kafin Ranar biya,,,
payment_reminder.reminder_count.other,A reminder will be sent {{count}} day before collection date,Ukumbusho utatumwa {{count}} kabla ya tarehe ya kukusanya,Za a tura Tunatarwa kwana {{count}} kafin Ranar biya,,,
payment_reminder.no_reminder_set_text,A reminder will be sent to the customer on the collection date. Tap to create a reminder,Ukumbusho utatumwa kwa mteja wako siku hii,Za a turawa kwastoma Tunatarwa a ranar biya. Taba domin saita Tunatarwa,,,
payment_reminder.coming_soon_recurring_reminders,Coming Soon: Recurring reminders,Ijayo. Makumbusho ya mara kwa mara,Tana nan tafe: Tunatarwa akai akai,,,
payment_reminder.reminder_description,A reminder will be sent to your customer on this day,Ukumbusho utatumwa kwa mteja wako siku hii,Za a turawa kwastomanka tunatarwa a wannan ranar,,,
payment_reminder.reminder_unit.days,DAY(S),Siku,v,,,
payment_reminder.reminder_unit.weeks,WEEK(S),Wiki,Sati,,,
payment_reminder.reminder_unit.months,MONTH(S),Mwezi,Wata,,,
payment_reminder.reminder_when.before,BEFORE,Kabla ya,Kafin,,,
payment_reminder.reminder_when.after,AFTER,Baada ya,Bayan,,,
payment_reminder.reminder_added,REMINDER ADDED,Kikumbusho kimeongozewa,An sanya Tunatarwa,,,
payment_reminder.reminder_removed,REMINDER REMOVED,Kikumbusho kimeondolewa,An cire Tunatarwa,,,
payment_reminder.confirm_delete,Are you sure you want to remove the payment reminder?,Unahakika unataka kuondoa kikumbusho cha malipo,Kun tabbata kuna son cire tunatarwa akan biya?,,,
payment_reminder.confirm_exit,Are you sure you want to exit the page without setting a reminder?,Unahakika unataka kutoka kwenye ukurusa bila kuweka ukumbusho,Kun tabbata kuna son fita daga fejin batare da saita tunatarwa ba?,,,
payment_reminder.set_reminder,Set Reminder,Weka ukumbusho,Saita Tunatarwa,,,
payment_reminder.collection_settings,Collection settings,Mipangilio ya ukusanyaji,Hadakar Saituna,,,
payment_reminder.set_collection_date.title,Set Collection Date,Kuweka tarehe ya ukusanyaji,Saitin Lokacin karba,,,
payment_reminder.set_collection_date.description,When is the client going to pay?,Ni lini mteja atalipa,Yaushe Kwastoma Zai biya,,,
payment_reminder.reminder_settings,Reminder settings,Mipangilio ya ukumbusho,Saitin Tunatarwa,,,
payment_reminder.add_reminder.title,Add Reminder,Ongeza ukumbusho,Sanya Tunatarwa,,,
payment_reminder.add_reminder.description,Tap here to create a new reminder. You can create as many as you want.,Gonga hapa ile kuunda ukumbusho mpya unaweza kuunda nyingi utakavyo,Taba nan domin saita sabuwar tunatarwa. zaku iya hada iya adadin da kukeso,,,
payment_reminder.default_reminder.title,Default Reminder,Kikumbusho chaguo msingi,tunatarwa ta asali,,,
payment_reminder.default_reminder.description,An automatic reminder will be sent to your customer on the collection date,Ukumbusho wa moja kwa moja utatumwa kwa mteja wako au tarehe ya kukusanya,Za a turawa kwastomanka tunatarwa a ranar karban kudi,,,
payment_reminder.on_the_day_of_collection,On the day of collection,Siku ya kukusanya,A ranar karban kudi,,,
payment_reminder.no_reminder.added,No reminder will be sent,Hakuna ukumbusho utakaokuwepo,kada a tura tunatarwa,,,
payment_reminder.no_reminder.removed,Reminders will be sent,Vikumbusho vitakuwepo,A tura tunatarwa,,,
recurrence_title,Recurrence,Kujirudia,A kai a kai,,,
recurrence_description,Does this payment repeat?,Malipo haya yanarudia,Ana maimaita wannan biyan?,,,
reminder_message_title,Reminder Message,Ujumbe wa ukumbusho,Sakon tunatarwa,,,
customer_statement.title,Share Customer Statement,Tuma taarifa ya mteja,Tura Bayanin kwastoma,,,
customer_statement.filename,{{customer_name}} Ledger Statement,{{customer name}} taarifa ya kitabu,{{costomer_name}} bayanin littafin ajiya,,,
customer_statement.message,Find attached your ledger statement from {{business_name}},Pata taarifa yako ya kitabu kutoka {{business_name}},zaka samu bayanan littafin ajiyarku daga {{business_name}},,,
transaction.set_collection_date,set collection date,Weka tarehe ya ukusanyaji,Saita ranar karba,,,
transaction.collection_date,Collection Date,Tarehe ya ukusanyaji,Ranar karba,,,
transaction.change_collection_date,Change Collection Date,Badilisha,Chanja ranar karba,,,
transaction.collect_on_date,Collect on **{{date}}**,Ukusanyaji **{{date}}**,A karba a ranar **{{date}}**,,,
transaction.on_$date,on {{date}},kwenye {{date}},A ranar {{date}},,,
transaction.no_reminder_set,No Reminder Set,Hakuna ukumbusho uliowekwa,Ba a saita tunatarwa ba,,,
transaction.send_reminder,Share,Gawa,Tura,,,
transaction.balance_statement,{{customer_name}} has a positive balance of {{balance}},{{customer_name}} ana usawa mzuri wa {{balance}},{{customer_name}} yana da tabbataccen balans {{balance}},,,
transaction.not_owing,{{customer_name}} is not owing,{{customer_name}} hana deni,{{customer_name}} ba bashi akansa,,,
transaction.generating_statement,Generating Statement,Taarifa inayozalisha,Samar da bayanai,,,
transaction.share_statement,Generate Statement,Taarifa inayozalisha,Samar da bayanai,,,
transaction.start_here,Start adding records by tapping here,Anza kuongeza rekodi kwa kugonga hapa,Fara ajiye bayanai idan kukayi rubutu anan,,,
transaction.add_first,Add first transaction for {{customer_name}},Ongeza manunuzi ya kwanza ya {{customer_name}},Sanya cinikayya ta farko ta {{customer_name}},,,
transaction.no_credit_or_amount_warning,Please enter collected amount or outstanding amount,Tafadhali ingiza kiasi kilichokusanywa ama kilichobaki,Sanya adadin kudin da ka karba ko wanda kake bi,,,
transaction.edit_transaction,Edit Transaction,Hariri shughuli,Gyaran ciniki,,,
transaction.transaction_deleted,TRANSACTION DELETED,Tafsiri imefutwa,Angoge cinki,,,
transaction.confirm_delete,Are you sure you want to delete this transaction?,Una hakika unataka kufuta shughuli hii,Ka tabbata kanason goge wannan cinikin?,,,
transaction.is_collection_message,You Collected **{{total_amount}}**.,Ulikusanya **{{total_amount}}**,Ka karbi  **{{total_amount}}**.,,,
transaction.is_collection_with_customer_message,You Collected **{{total_amount}}** *from {{customer_name}}*.,Ulikusanya **{{total_amount}}** kutoka *kwa {{customer_name}}*,kar karbi **{{total_amount}}** *daga {{customer_name}}*,,,
transaction.customer_owes_statement,*{{customer_name}}* owes **{{credit_amount}}**,*{{customer_name}}* deni **{{credit_amount}}**,Kana bin *{{customer_name}}* adadin **{{credit_amount}}**,,,
transaction.customer_has_advance_statement,*{{customer_name}}* has an advance of **{{balance}}**,*{{customer_name}}* lina mapema ya **{{balance}}**,*{{customer_name}}* yana da ragowar kudi **{{balance}}**,,,
transaction.you_were_paid_statement,You were paid **{{amount_paid}}** (No customer selected),Ulilipwa **{{amount_paid}}** hakuna (mteja aliyechaguliwa),An biya  **{{amount_paid}}** (No customer selected),,,
transaction.customer_paid_statement,*{{customer_name}}* paid you **{{amount_paid}}**,*{{customer_name}}* alinilipa **{{amount_paid}}**,*{{customer_name}}* Sun biya **{{amount_paid}}**,,,
transaction.customer_paid_with_outstanding_statement,*{{customer_name}}* paid you **{{amount_paid}}** and **{{credit_amount}}** is outstanding,*{{customer_name}}* alinilipa **{{amount_paid}}** na **{{credit_amount}}** ni bora,*{{customer_name}}* sun biya **{{amount_paid}}** da**{{credit_amount}}** ragowar bashi,,,
transaction.amount_collected,amount collected,Kiasi kilichokusanywa,Adadin da aka karba,,,
transaction.amount_outstanding,amount outstanding,Kiasi bora,Adadin da yayi ragowa,,,
transaction.total_amount,Total amount,Jumla,Jimla,,,
transaction.view_report,View report,Ripoti ya maana,Duba Rahoto,,,
transaction.no_activities_recorded_for_duration,No activities were recorded for the chosen duration,Hakuna shughuli zilizorekodiwa kwa muda uliochaguliwa,babu ayyukan da akayi rikodin tsawon lokacin da aka zaba,,,
transaction.start_adding_records,Start adding records by tapping the '+' button below,Anza kuongeza rekodi kwa kugonga kitufe cha '+' hapa chini,fara kara bayanai ta hanyar danna '+' Madanni na kasa,,,
transaction.transaction_success,{{transaction_type}} has been recorded Successfully,{{transaction_type}} imerekodiwa kwa mafanikio,Ansamu nasarar shigar da {{transaction_type}},,,
transaction.share_customer_ledger_text,Share customer ledger,Tuma leja ya wateja,Tura littafin ciniki,,,
transaction.view_customer_ledger_text,View customer ledger,Tazama leja ya wateja,duba littafin ciniki,,,
transaction.share_customer_ledger_whatsapp_text,Share ledger via whatsapp,Tuma leja kupitia whatsapp,Tura littafin ciniki ta whatsapp,,,
transaction.search_input_placeholder,Search activities by client,Tafuta shughuli na mteja,bincika ayyukan kwastoma,,,
transaction.collection_overdue,Collection overdue,Mkusanyiko umechelewa,Anyi lattin karba,,,
transaction.next_reminder,Next Reminder,Mawaidha Yanayofuata,Tunatarwa ta gaba,,,
receipts.filter_options.single_day,Single Day,Siku moja,Rana daya,,,
receipts.filter_options.1_week,Last 7 Days,Siku 7 zilizopita,Kwana 7 da suka wuce,,,
receipts.filter_options.1_month,Last 30 Days,Siku 30 zilizopita,Kwana 30 da suka wuce,,,
receipts.filter_options.date_range,Date Range,Kiwango cha tarehe,kwanan wata,,,
receipts.receipt_share_title,Share Receipt,Tuma Risiti,Tura rasif,,,
receipts.recent_purchase_message,"Hi {{customer_name}}, thank you for your recent purchase.",Habari {{customer_name}} Asante kwa aslimia ya hivi karibuni,"Hi {{customer_name}}, Muna godiya da cinikin da akayi mana",,,
receipts.recent_purchase_message_from_business,"Hi {{customer_name}}, thank you for your recent purchase from {{business_name}}.",Habari {{customer_name}} asante kwa ununuzi wako wa hivi karibuni kutoka {{business_name}},"Hi {{customer_name}}, Muna godiya da cinikin dakayi mana a {{business_name}}.",,,
receipts.receipt_for,Receipt for,Risiti ya,Rasif din,,,
receipts.receipt_no,Receipt No,Risiti na,lambar rasif,,,
salutation,Hello {{name}}!,Hujambo {{name}}!,Hello {{name}}!,,,
you_paid_message,You paid {{amount}}.,Umelipa {{amount}}.,Kun biya {{amount}}.,,,
you_owe_message,You owe {{credit_amount}}.,Una deni la {{credit_amount}}.,ana binka {{credit_amount}}.,,,
you_owe_message_with_due_date,You owe {{credit_amount}} which is due on {{due_date}}.,Unadaiwa {{credit_amount}} ambayo inapaswa kutolewa kwa {{due_date}},ana binka {{credit_amount}} wanda zaka biya ranar {{due_date}}.,,,
payment_link_message,To pay click\n{{payment_link}}.,Kulipa bonyeza\n{{payment_link}},domin biya danna\n{{payment_link}}.,,,
powered_by_shara,Powered by Shara for free.\nwww.shara.co,Inaendeswa na Shara bure.\nwww.shara.co,Daga Shara a kyeuta.\nwww.shara.co,,,
collection.collection_recorded,COLLECTION RECORDED,Ukusanyaji uliorekodiwa,Anshigar da karba,,,
collection.button.title,Record Collection,Ukusanyaji wa rekodi,Ashigar da karba,,,
collection.button.description,Record a payment received towards a debt or an advance,Rekodi malipo yaliyopokelewa kuelekea deni au mapema,Shigar da kudin da da aka biya na bashi ko biyan na gamba,,,
collection.header.title,Record Collection,Ukusanyaji wa rekodi,A shigar da karba,,,
collection.header.description,Quickly record a transaction or obligation,Rekodi haraka shughuli au wajibu,Da sauri ka shigar da cinikayya ko yar jejeniya,,,
collection.fields.amount.label,Enter Amount,Ingiza kiasi,shigar da adadin kudi,,,
collection.fields.note.label,Note,Kumbuko,Saqo,,,
collection.fields.note.placeholder,Write a note,Andika kumbuko,Rubuta saqo,,,
collection.today_text,Today,Leo,Yau,,,
collection.write_a_note_text,Write a note,Andika barua,Rubuta saqo,,,
collection.select_a_photo_text,Select a photo,Chagua picha,Zabi Hoto,,,
collection.transaction_date_text,What date did this happen?,Hii ilitokea tarehe gany,Yaushe hakan tafaru?,,,
collection.coming_soon_select_a_photo,Coming Soon: Select a Photo,Ijayo chagua picha,Yananan tafe: zabi hoto,,,
sale.sale_recorded,SALE RECORDED,Uuzaji ulirekodiwa,Rekod din sayarwa,,,
sale.button.title,Record Sale,Rekodi ya kuuza,shigar da ciniki,,,
sale.button.description,Create a sale record - what you were paid and what will be paid later,Unda rekodi ya uuzaji kile kilicholipwa na nini kitalipwa baadaye,Saitin ciniki- Abin da aka biyaka yanzu a wanda za a biyaka nan gaba,,,
sale.header.title,Record Sale,Rekodi ya kuuza,shigar da ciniki,,,
sale.header.description,Quickly record a collection or outstanding,Rekodi haraka mkusanyiko au bora,cikin sauri ka shigar da karba ko bashi,,,
sale.fields.amount.label,Collected,Zilizokusanywa,An karba,,,
sale.fields.credit.label,Outstanding,Isiyolipwa,Bashi,,,
sale.fields.note.label,Note,Kiandiko,Saqo,,,
sale.fields.note.placeholder,Write a note,Andika kiandiko,Rubuta saqo,,,
sale.select_customer.title,Select Customer,Chagua mteja,zabi kwastoma,,,
sale.select_customer.description,Which customer is this transaction for?,Mteja yupi ni manunuzi ya,wanna kwastoma ka zaba,,,
sale.no_customer_text,Select a customer to complete this transaction,Chagua mteja ili kukamilisha shughuli hii,zabi kwastoma domin kammala cinikayya,,,
sale.due_date_is_past,Select a new collection date for {{customer}}.,,zabi sabon lokacin karba daga {{customer}},,,
entry.sale,Record Sale,Rekodi ya kuuza,shigar da ciniki,,,
entry.collection,Record Collection,Ukusanyaji wa rekodi,shigar da karba,,,
other,Other,Nyingine,Wasu,,,
collected,Collected,Zilizokusanywa,An karba,,,
collection_due_today,Collection due today,Ukusanyaji unaostahili leo,Ranar karba,,,
outstanding,Outstanding,Isiyolipwa,Bashi,,,
clear,Clear,Wazi,Goge,,,
cancel,Cancel,Futa,An fasa,,,
scan,Scan,Skana,Duba,,,
scanning,Scanning,Skana,Dubawa,,,
done,Done,Kumaliza,An gama,,,
dismiss,Dismiss,Ondosha,Fasawa,,,
owe.one,owe,Deni,Bashi,,,
owe.other,owes,Deni,Yana bin,,,
result.zero,No results found,Hakuna matokeo yaliyopatikana,Ba sakamako,,,
result.one,1 Result,Tokeo 1,Sako daya,,,
result.other,{{count}} Results,{{count}} Matokeo,{{sakamako}},,,
clear_filter,Clear filter,Chujio wazi,Goge Matata,,,
note.one,Note,Kiandikio,Sako,,,
note.other,Notes,Maelezeo,Sakuna,,,
delete,Delete,Futa,Gogewa,,,
edit,Edit,Hariri,Gyara,,,
add,Add,Ongeza,Sanyawa,,,
close,Close,Funga,Rufewa,,,
enable,Enable,Wezesha,Kunnawa,,,
unknown,UNKNOWN,Haijulikani,bakomai,,,
share,Share,Gawa,Turawa,,,
balance,Balance,Baki,balans,,,
paid,Paid,Kulipwa,An biya,,,
save,Save,Hifadhi,Adanawa,,,
from,From,Kutoka,Daga,,,
to,To,Kwenye,Zuwa,,,
success,Success,Mafanikio,Yayi,,,
start_date,Start Date,Tarehe ya kuanza,Lokacin da aka fara,,,
end_date,End Date,Tarehe ya mwisho,Lokacin da aka gama,,,
and,and,Na,Da,,,
optional,Optional,Hiari,Zabi,,,
warning,Warning,Onyo,Jankunne,,,
date,Date,Tarehe,Kwanan wata,,,
yes,Yes,Ndio,Eh,,,
total,Total,Jumla,Jimla,,,
yes_delete,"Yes, Delete",Ndio futa,"Eh, goge",,,
yes_proceed,"Yes, Proceed",Ndio endelea,"Eh, cigaba",,,
no,No,Hapana,A'a,,,
all,All,Yote,Duka,,,
no_result_found,No result found,Hakuna matokeo yaliyopatikana,Ba a samu sakamakoba,,,
remove,Remove,Ondoa,Cirewa,,,
tel,Tel,Simu,lamba,,,
select_from_phonebook,Select from Phonebook,Chagua kutoka kwa kitabu cha simu,zabi daga phone book,,,
whatsapp,whatsapp,Whatsapp,whatsapp,,,
sms,sms,Ujumbe,Saqonni,,,
confirm,Confirm,Thibitisha,Tabbatarwa,,,
address,Address,Anwani,Adireshi,,,
price,Price,Bei,farashi,,,
filter.one,Filter,Vichungi,Matata,,,
filter.other,Filters,Deni,Matata,,,
filter_options.owing,You owe,Wewe deni,Ana binku,,,
filter_options.not_owing,Owes you,Deni Wewe,kuna bin,,,
filter_options.surplus,Paid in full,Imelipwa ndani kamili,Anbiya gaba daya,,,
customer.one,Customer,Mteja,kwastomer,,,
customer.other,Customers,Wateja,kwastomomi,,,
client.one,Client,Mteja,abokin ciniki,,,
client.other,Clients,Wateja,abokan ciniki,,,
customers.start_adding,Start adding clients by creating a record with the '+' button below,Anza kuongeza wateja kwa kuunda rekodi na kitufe cha '+' hapa chini,fara sanya abokan cinki ta hanyar shigar da bayanai da '+' madanni na kasa,,,
customers.customer_count.zero,You have no clients yet.,Bado hauna wateja,baka da abokin ciniki,,,
customers.customer_count.one,1 Client,Mteja,abokin ciniki 1,,,
customers.customer_count.other,{{count}} Clients,{{count}} wanunuzi,{{count}} Abokin aiki,,,
customers.customer_edited,CUSTOMER EDITED,KUHARIRIWA,An gyara kwastoma,,,
customers.customer_deleted,CUSTOMER DELETED,Mteja AMEFUTWA,An  goge kwastoma,,,
customers.confirm_delete,Are you sure you want to delete {{customer_name}} as a customer?,Una hakika unataka kufuta {{customer_name}} kuwa mteja,Kun tabbata zaku goge {{customer_name}} a matsayin kwastoma?,,,
customers.delete_customer,Delete Customer,Futa mteja,Goge kwastoma,,,
customers.customer_profile,Customer Profile,Wasifu wa mteja,Bayanan kwastoma,,,
customers.fields.phone.label,Phone number,Nambari ya simu,Lambar waya,,,
customers.fields.phone.placeholder,Enter customer number,Ingiza nambari ya simu ya mteja,Kusanya lambar kwastoma,,,
customers.fields.notes.label,Notes,Kiandiko,Sako,,,
customers.fields.notes.placeholder,Additional information about the customer,Maelezo ya ziadi kuhusu mteja,Karin bayanai akan kwastoma,,,
customers.select_customer.title,Select Customer,Chagua Mteja,Zabi kwastoma,,,
customers.select_customer.description,Which customer is this transaction for?,Shughuli hii ni ya mteja gani,Da wanna kwastoma akayi wannan cinikin?,,,
customers.add_as_new_customer,Add {{customer_name}} as new customer,ongeza {{customer_name}} kama mteja mpya,kara {{customer_name}} a sabon kwastoma,,,
customers.add_customer,Add Customer,Ongeza mteja,Kara kwastoma,,,
customers.add_customer_details,Add Customer details,Ongeza maelezo kuhusu mteja,Kara cikakkun bayanan kwastoma,,,
customers.add_new_customer_text,Add New Customer,Ongeza mteja mpya,kara sabon kwastoma,,,
customers.search_input_placeholder,Type customer name,Andika jina la mteja,Rubuta Sunan kwastoma,,,
customers.manual_customer_modal.fields.name.label,Customer name,Jina la mteja,Sunan kwastoma,,,
customers.manual_customer_modal.fields.email.label,Customer email (Optional),Barua pepe ya mteja (Hiari),adireshin yanar gizo (idan akwai),,,
customers.manual_customer_modal.fields.phone.label,Customer phone number (Optional),Nambari ya simu ya mteja (Hiari),lambar wayar kwastoma (idan akwai),,,
customers.manual_customer_modal.fields.phone.placeholder,Enter customer number,Bonyeza nambari ya mteja,Sanya lambar kwastoma,,,
payment.edit_payment_preview_label_modal.title,Payment preview label,Lebo ya hakikisho la malipo,Duba Matakin biya,,,
payment.edit_payment_preview_label_modal.description,The payment preview label will be. You can change it to a text that your customers will understand,Lebo ya njia ya hakikisho la malipo itakuwa.Unaweza kuibadilisha kwa maandishi ambayo wateja wako  wataelewa,Yadda zaku duba matakan biyan zai kasance. zaku iya chanjashi zuwa yaran da kwastomanku zai gane,,,
payment.edit_payment_preview_label_modal.payment_label_updated,Payment Label updated,Lebo ya malipo imesasishwa,An sabunta matakin biya,,,
payment.edit_payment_preview_label_modal.validation_message,Payment label cannot be more than 150 characters long,Lebo ya malipo haiwezi kuwa zaidi ya herufi 150,Tsayin matakin biyan bazai wuce harufa 150 ba,,,
payment.edit_payment_preview_label_modal.you_can_pay_me_via,You can pay me via,Unaweza kunilipa kupitia,Zaku iya biyana ta,,,
payment.payment_container.payment_added,PAYMENT OPTION ADDED,NJIA YA MALIPO IMEONGEZEWA,AN SANYA ZABIN YANAYIN BIYA,,,
payment.payment_container.warning_message,Please fill all the fields in the form,Tafadhali jaza sehemu zote katika fomu,Adaure acike ko wanna gida na fom,,,
payment.payment_container.payment_edited,PAYMENT OPTION EDITED,CHAGUO LA MALIPO LIMEBADILISHWA,AN GYARA YANAYIN ZABIN BIYA,,,
payment.payment_container.add_payment_info,add Payment info,Ongeza maelezo ya malipo,Kara bayanan biya,,,
payment.payment_container.edit_payment_info,edit Payment info,Hariri maelezo ya malipo,Gyaran bayanan biya,,,
payment.payment_container.remove_message,Are you sure you want to remove the payment option?,Unahakika unataka kuondoa chaguo la malipo,Kun tabbata kuna son cire zabin yanayin Tsarin biya?,,,
payment.payment_container.payment_settings,Payment Settings,Mipangilio ya malipo,Saitin Tsarin biya,,,
payment.payment_container.no_payment_option.description,Add your preferred methods of collecting payment so your customers can know how to pay you,Ongeza  njia unayopendelea ya kukisanya malipo ili wateja wako waweze kujua jinsi ya kukulipa,Sanya Tsarin da kukeso Kwastomanku su biyaku,,,
payment.payment_container.copy_payment_link,COPY LINK,NA NAKALA YA KIUNGO,kofar link,,,
payment.payment_container.preview_payment_page,Preview Payment Page,Hakikisho ukurasa wa malipo,Duban fejin Tsarin biya,,,
payment.payment_container.add_new_payment,Add New Payment,Ongeza malipo mapya,Karin Biya,,,
payment.payment_container.add_new_payment_method,Add New Payment,Ongeza malipo mapya,Karin Biya,,,
payment.payment_container.others_placeholder_text,"Enter the full information on how you want to get paid. It can contain, account number, name of bank, mobile money information, etc.",,"Sanya cikaken bayani akan yadda kukeso a biyaku.zai iya daukan lambar account,sunan banki, bayanan manhajar kudinku. da dai suaransu.",,,
payment.payment_form.label,Select a payment method,Chagua njia ya malipo,Zabi tsarin biya,,,
payment.copied,copied,Kunakiliwa,An kofa,,,
payment.copy,copy,Nakala,Kofa,,,
payment.payment_preview_modal.heading,Your Payment Page Preview,Hakikisho la ukurasa wako wa malipo,Kalli fejin Tsarin biyanka,,,
payment.payment_preview_modal.footer.title,Powered by Shara Inc © 2021,Inaendeshwa na Shara Inc © 2021,Daga Shara Inc © 2021,,,
payment.payment_preview_modal.footer.website_url,www.shara.co,www.shara.co,www.shara.co,,,
payment.bvn_input_field_placeholder,Enter your BVN,Ingiza BVN yako,Sanya BVN,,,
payment.withdrawal_method.bvn_description,Please enter your National ID/BVN number. Your ID should match the names and the payment method in your Settings,Tafadhali ingiza nambari yako ya Kitambulisho / BVN. Kitambulisho chako kinapaswa kulinganisha majina na njia ya kulipa katika Mipangilio yako,Da fatan za a shigar da lambar ID / BVN ta ƙasa. ID ɗinku ya dace da sunaye da hanyar biyan kuɗi a cikin Saitunanku,,,
payment.withdrawal_method.bvn_input_field_placeholder,Enter your BVN,Ingiza BVN yako,Sanya BVN,,,
payment.withdrawal_method.otp_description,An OTP has been sent to your BVN number *******4343,OTP imetumwa kwa nambari yako ya BVN *******4343,Antura OTP zuwa BVN dinku number *******4343,,,
payment.withdrawal_method.id_description,Please enter your {{idType}}. Your ID should match the names and the payment method in your Settings,Tafadhali ingiza {{idType}} yako. Kitambulisho chako kinapaswa kulinganisha majina na njia ya kulipa katika Mipangilio yako,Da fatan za a shigar da {{idType}} ɗinku. ID ɗinku ya dace da sunaye da hanyar biyan kuɗi a cikin Saitunanku,,,
payment.withdrawal_method.id_input_field_placeholder,Enter your {{idType}},Ingiza {{idType}} yako,Shigar da {{idType}},,,
payment.withdrawal_method.id_otp_description,An OTP has been sent to your {{idType}} number {{mobile}},Ingiza {{idType}} yako ya OTP imetumwa kwa {{idType}} nambari yako {{mobile}},Antura OTP zuwa {{idType}}  lambar {{mobile}},,,
payment.withdrawal_method.add_withdrawal_method,Add Withdrawal Method,Ongeza Njia ya Kuondoa,Sanya tsarin Cirar kudi,,,
payment.withdrawal_method.withdrawal_method_list,These are your preferred methods of collecting payment so your customers can know how to pay you. See your link below:,Hizi ni njia unazopendelea za kukusanya malipo ili wateja wako waweze kujua jinsi ya kukulipa. Tazama kiunga chako hapo chini:,Wannan shine tsarin da kuka zaba na biyanku saboda kwastomanku su sani,,,
payment.withdrawal_method.edit_withdrawal_method,Edit Withdrawal Method,Hariri Njia ya Kuondoa,Gyaran tsarin cirar kudi,,,
payment.withdrawal_method.withdrawal_method_description,Add your preferred methods of withdrawing funds from Shara.,Ongeza njia unazopendelea za kuchukua pesa kutoka Shara.,Sanya Tsarin da kukeso nacirar kudi dga shara,,,
payment.withdrawal_method.make_default_withdrawal,Make default withdrawal account,Fanya akaunti chaguo-msingi ya kujiondoa,samar da Akawun din da zakuke cirar kudi,,,
payment.withdrawal_method.withdrawal_picker_placeholder,Select a withdrawal method,Chagua njia ya kujiondoa,Zabi tsarin cirar kudi,,,
payment.withdrawal_method.select_an_option,Select an option,Chagua chaguo,Zabi daya,,,
more.header.title,My Account,Akaunti yangu,Akawun dina,,,
more.header.description,You account information at a glance,Habari ya akaunti yako kwa mtazamo,Bayanan akawun dinku,,,
more.list.profile_settings.title,My Profile,Maelezo mafupi yangu,Bayanaina,,,
more.list.profile_settings.description,View and edit your personal information,Tazama na uhariri habari yako ya kibinafsi,Dubawa da gyaran Bayanai na na sirri,,,
more.list.business_settings.title,Business Settings,Mipangilio ya biashara,Saitin cinikayya,,,
more.list.business_settings.description,View and edit your business information,Tazama na uhariri habari ya biashara yako,Dubawa da Gyaran bayanan cinikayyar ku,,,
more.list.payment_settings.title,Payment Settings,Mipangilio ya malipo,Saitin Tsarin biya,,,
more.list.payment_settings.description,View and edit your payment information,Tazama na uhariri maelezo yako ya malipo,Dubawa da gyaran bayanan tsarin biyan ku,,,
more.list.referral.title,Referral,Rufaa,Referral,,,
more.list.referral.description,Enter referral code,Ingiza nambari ya rufaa,Sanya lambar Referral,,,
more.list.feedback.title,Give Feedback,Toa maoni,Bamu amsarku,,,
more.list.feedback.description,Provide any feedback here?,Toa maoni yoyote hapa,Sanya duk wata amsa anan,,,
more.list.language.title,Language,Lugha,Yare,,,
more.list.language.description,Select your language,Chagua Lugha yako,Zabi Yare,,,
more.logout.logout_data_verification_text,Verifying your saved data...,Kuhakikisha data yako iliyohifadhiwa,Tabbatarwa da Adanin bayananku,,,
more.logout.logout_confirmation_text,Are you sure you want to logout?,Una uhakika unataka kutoka,Kun tabbata kuna san fita?,,,
more.logout.logout_unsaved_data_text,You still have some unsaved data. Are you sure you want to logout?,Bado unayo data ambayo haijahifadhiwa.Una hakika unataka kutoka,Haryanzu akwai bayanan da basu adanu ba. Kun tabbata kuna son fita?,,,
more.business_settings_edit_button,Tap here to complete your Business Settings,Gonga hapa ili ukamilishe mipangilio yako ya biashara,Danna nan domin kammala saitin cinikayyarku,,,
more.logout_button,Logout,Toka nje,fita,,,
more.yes,Yes,Ndio,Eh,,,
more.no,No,Apana,A'a,,,
profile_settings.title,Profile Settings,Mipangilio ya wasifu,Saitin bayanai,,,
profile_settings.toast_text,User profile updated successfully,Wasifu wa mtumiaji imesasishwa kwa mafanikio,An sabunta bayananka cikin nasara,,,
profile_settings.fields.firstName.label,First Name,Jina la kwanza,Suna,,,
profile_settings.fields.lastName.label,Last Name,Jina la mwisho ama familia,Sunan Mahaifi,,,
profile_settings.fields.mobile.label,What’s your phone number?,Namba yako ya simu ni ipi,Mene lambar wayarku ?,,,
profile_settings.fields.email.label,What's your email? (Optional),Barua pepe yako ni ipi (chaguo),Adreshin yanar gizo (idan akwai),,,
profile_settings.save_button,Save,Hifadhi,Adanawa,,,
business_settings.title,Business Settings,Mipangilio ya biashara,Saitin cinikayya,,,
business_settings.toast_text,User profile updated successfully,Wasigu wa mtumiaji umesasishwa kwa mafanikio,Anyi nasarar sabunta bayanan ku,,,
business_settings.fields.name.label,What’s the name of your business?,Jina la biashara yako ni lipi?,Mene sunan masana'antar ku?,,,
business_settings.fields.address.label,Where is your business located?,Biashara yako iko wapi,Aina Masana'antar take?,,,
business_settings.fields.mobile.label,What’s your business phone number?,Namba ya biashara yako ni ipi,Mene lambar wayarku Masana'antar ?,,,
business_settings.fields.image.label,Do you have a logo?,Una nembo,kuna da bajo ?,,,
business_settings.fields.image.placeholder,Upload logo,Pakia nembo,Sanya bajo,,,
business_settings.action_buttons.preview_receipt_button,Preview Receipt,Hakikisho risiti,Duba samfir na rasif,,,
business_settings.action_buttons.save_button,Save,Hifadhi,Adanawa,,,
business_settings.receipt_preview.title,Receipt,Risiti,Rasif,,,
business_settings.receipt_preview.saved,Saved,Imehifadhiwa,An adana,,,
business_settings.receipt_preview.description,Here’s what your receipt looks like,Hapa risiti yako inaonekaje,Duba yadda rasif dinka zai kasance,,,
referral.title,Referral,Rufaa,Referral,,,
referral.toast_text,Referral code submitted,Nambari ya rufaa imewasilishwa,An tura lambar referral dinka,,,
referral.fields.code.label,Referral Code,Nambari ya rufaa,lambar referral,,,
referral.fields.code.placeholder,Enter referral code here,Ingiza nambari ya rufaa hapa,Sanya lambar Referral,,,
referral.submit_button,Submit,Wasilisha,Tura,,,
feedback.title,Feedback,Maoni,Amsa,,,
feedback.toast_text,Thank you for your Feedback,Asante kwa maoni yako,Mungode da amsar ku,,,
feedback.fields.code.label,Feedback,Maoni,Amsa,,,
feedback.fields.code.placeholder,Enter feedback here,Ingiza maoni hapa,Sanya amsa anan,,,
feedback.submit_button,Submit,Wasilisha,Tura,,,
create_receipts_with_shara,CREATE RECEIPTS FOR FREE WITH SHARA,Tengeneza ripoti za bure na Shara,Hada rasif na kyeuta da shara,,,
report.title,View Report,Tazama ripoti,Duba rasif,,,
report.filter_button_text,Filters,Vichungi,Matata,,,
report.search_input_placeholder,Search customers here,Tafuta wateja hapa,Nemo kwastoma anan,,,
report.active_filter_label_text,Filter,Chuja,Matata,,,
report.clear_filter_button_text,Clear,Safisha,sharewa,,,
report.net_balance_text,Net Balance,Matokeo,Balans na daidai,,,
report.download_report_toast_text,Download Report,Ripoti ya kupakua,Sauke rahoto,,,
report.results.one,Result,matokeo,rahoto,,,
report.results.other,Results,Matokeo,rahotanni,,,
report.download_report_button_text,Download Report,Repoti ya kupakua,Sauke rahoto,,,
report.empty_state_text.no_results_found,No results found,Hakuna matokeo yaliyopatikana,Ba rahoto,,,
report.empty_state_text.no_records_yet,You have no records yet,Bado hauna rekodi,Haryanzu baku da bayanai,,,
report.report_list_header.transactions_text,Transactions,Shughuli,cinikayya,,,
report.report_list_header.total_entries_text,Entries,Viingilio,Abubuwan da aka shigar,,,
report.report_list_header.total_cost_text,Total Cost,Jumla ya gharama,jimlar farashi,,,
report.report_list_header.amount_paid_text,Amount Paid,Kiasi kilocholipwa,Farashin da aka biya,,,
report.excel_report_headings.date,Date,Tarehe,Kwanan wata,,,
report.excel_report_headings.name,Name,Jina,Suna,,,
report.excel_report_headings.note,Note,Kiandikio,Sako,,,
report.excel_report_headings.total_amount,Total Amount,Jumla,Jimlar farashi,,,
report.excel_report_headings.amount_paid,Amount Paid,Kiasi kilicholipwa,Farashin da aka biya,,,
report.excel_report_headings.balance,Balance,Usawa au msawazo,balans,,,
report.downloaded_report_notification_title,Report exported successfully,Ripoti iliyouzwa nje kwa mafanikio,Rahoto yafito cikin nasara,,,
bluetooth_printer.setup.title,bluetooth settings,Mipangilio ya bluetooth,Saitin bluetooth,,,
bluetooth_printer.setup.description,Enable the bluetooth on you device to start printing.,Wezesha bluetooth kwenye kifaa chako kuanza kuchapisha,Kunna bluetooth na Na'urarku domin fara yin firintin,,,
bluetooth_printer.select_printer,Select printer,Chagua printa,Zabi firinta,,,
bluetooth_printer.no_nearby_bluetooth,No nearby Bluetooth devices were found,Hakuna kifaa cha karibu cha bluetooth kilichopatikana,Ba a samu bluetooth a kusaba,,,
bluetooth_printer.device_not_supported,Device does not support bluetooth!,Kifaa hakisaidii bluetooth,Nawura ta gaza daukar bluetooth,,,
bluetooth_printer.search_for_devices,Search for devices,Tafuta vifaa,Nemo na'ura,,,
reminder_popup.title,Which days do you want your reminders to be sent,Ni siku zipi unataka vikumbusho vyako vitumwe,Wacca rana kukeso atura tunatarwa,,,
reminder_popup.collection_day.one,1 day before,Siku 1 kabla,kwana daya kafin,,,
reminder_popup.collection_day.other,{{count}} days before,Siku {{count}} kabla,kwanaki {{count}} kafin,,,
reminder_popup.collect_on_text,Collect on {{due_date}},Kusanya {{due_date}},karba ranar {{due_date}},,,
reminder_popup.no_collection_date_text,You need to set a collection date before you set reminders,Unahitaji kuweka tarehe ya kukusanya kabla ya kuweka vikumbusho,Saita ranar karba kafin ka iya saita tunatarwa,,,
reminder_popup.set_collection_date_button_text,Set Collection Date,Weka tarehe ya kukusanya,Saita ranar karba,,,
reminder_popup.default_collection_day,Collection Day (Default),Siku ya Ukusanyaji (Chaguo Msingi),Ranar karba (ta ainihi),,,
reminder_popup.no_collection_day,None (No reminder will be sent),Hakuna (Hakuna kikumbusho kitatumwa),Banason a tura tunaarwa,,,
default_text,Default,Chagua msingi ama Puuza,Ainihi,,,
payment_method,Payment method,Njia ya malipo,Tsarin biya,,,
save_to_phonebook,Save to Phonebook,Hifadhi kwa kitabu cha simu,Adana a cikin waya,,,
user_profile,User Profile,Wasifu wa mtumiaji,Bayanan Mai amfani,,,
my_customers,My Customers,Wateja wangu,kwastomana,,,
reports,Reports,Ripoti,Rahoto,,,
menu,Menu,Orodha,Menu,,,
user_id,User ID,Kitambulisho cha mtumiaji,Shaidar mai anfani,,,
payment_reminder_for,Payment reminder for,Ukumbusho kwa malipo kwa,Tunatarwa na tsarin biya na,,,
payment_due,Payment Due,Malipo yanastahili,Ranar biya,,,
payment_due_text,This payment is due on,Malipo yanastahili kuanza,Za ayi wannan biyan ranar,,,
outstanding_text,has an outstanding of,Ina bora ya,Akwai bashin,,,
record,Record,Rekodi,Bayani,,,
cancel_confirmation_text,Confirm cancellation,Thibitisha kufuta,Tabbatar da fasawa,,,
cancellation_text,Why are you cancelling?,Kwanini inaghairi?,Mesa aka fasa,,,
cancellation_placeholder,Enter cancellation reason here,Ingiza hesabu ya kufuta hapa,Rubuta dalilin fasawa anan,,,
upload_business_logo,Upload Business logo,Pakia nembo ya biashara,Sanya bajon Sana'a,,,
business_name,Business Name,Jina la biashara,Sunan Sana'a,,,
skip_setup,Skip setup,Ruka mpangilio,Tsallake saiti,,,
product_details,Product Details,chombo kinakaaje,Cikakkyan bayanin kayan sayarwa,,,
search_input_placeholder,Search clients here,Tafuta wateja hapa,Nemo abokin ciniki anan,,,
country,Country,Nchi,Kasa,,,
in,in,ndani,ciki,,,
money,Money,Pesa,Kudi,,,
payment_activities.empty_state.description,Receive and withdraw money using your Shara wallet. Click the button below to get started.,Pokea na toa pesa kwa kutumia mkoba wako wa Shara. Bonyeza kitufe hapa chini ili kuanza.,A turo kudi kuma a cire kudi ta cikin shara walet. Dannan madanni na kasa domin farawa,,,
payment_activities.empty_state.tag,Go to Money Settings,Nenda kwenye Mipangilio ya Pesa,Shiga saitin kudi,,,
payment_activities.search_placeholder,Search payments here...,Tafuta malipo hapa...,Nemo Biya anan,,,
payment_activities.received,Received,Imepokelewa,Karba,,,
payment_activities.withdrawn,Withdrawn,Imeondolewa,Cirewa,,,
payment_activities.wallet_balance,Your wallet balance,Usawa wako wa mkoba,Balans din wallet dinka,,,
payment_activities.merchant_id,{{merchant_id}} - merchant Id,{{merchant_id}} - mfanyabiashara Id,{{merchant_id}} - merchant Id,,,
payment_activities.tap_to_copy,Tap to copy,Gonga ili unakili,Danna domin kofa,,,
payment_activities.deposit,Deposit,Amana,Ajiyewa,,,
payment_activities.withdraw,Withdraw,Kutoa,Cirewa,,,
payment_activities.drawdown,Drawdown,Kuchora,Drawdown,,,
payment_activities.payment_activities,Payment Activities,Shughuli za Malipo,Hada ta Tsarin biya,,,
payment_activities.no_money_activities,You have no Money activities yet,Bado huna shughuli za Pesa,Haryanzu ba hada hadar kudi,,,
payment_activities.your_wallet_balance,Your wallet balance,Usawa wako wa mkoba,Balans din wallet,,,
payment_activities.your_merchant_id_is,Your Merchant ID is,Kitambulisho chako cha Muuzaji ni,Marchant ID dinku,,,
payment_activities.your_wallet_account_no_is.one,Your wallet account number is,Nambari yako ya akaunti ya mkoba ni,lambar Akawun na wallet,,,
payment_activities.your_wallet_account_no_is.other,Your wallet account numbers are,Nambari za akaunti yako ya mkoba ni,lambar Akawun na wallet,,,
payment_activities.tap_to_copy_merchant_id,Tap to copy Merchant ID,Gonga ili unakili Kitambulisho cha Wauzaji,Danna domin kofar Marchan ID,,,
payment_activities.tap_to_copy_wallet_account_no,Tap to copy wallet account number,Gonga ili kunakili nambari ya akaunti ya mkoba,danna domin kofar lambar Akawun na wallet,,,
payment_activities.withdraw_fields.amount.label,Enter Amount,Ingiza Kiasi,Sanya farashi,,,
payment_activities.withdraw_fields.note.label,Write a note,Andika dokezo,Rubuta sako,,,
payment_activities.deposit_help_text,See below the various ways to deposit funds into your wallet,Tazama hapa chini njia anuwai za kuweka pesa kwenye mkoba wako,Duba a kasa hanyoyin da za a iya sanya kudi cikin wallet,,,
payment_activities.select_withdrawal_account,Select withdrawal account,Chagua akaunti ya kujiondoa,Zabi akawun na cirar kudi,,,
payment_activities.confirm_withdrawal,Confirm withdrawal,Thibitisha uondoaji,Tabbatar da cirar kudi,,,
payment_activities.about_to_withdraw,You are about to withdraw **{{amount}}** to\n**{{bank_details}}**,Uko karibu kutoa **{{amount}}** kwa\n**{{bank_details}}**,Kuna shirin cirar **{{amount}}** zuwa\n**{{bank_details}}**,,,
payment_activities.withdraw_success,Your transaction is being processed. It may take up to a few minutes to reflect in your Shara wallet,Shughuli yako inashughulikiwa. Inaweza kuchukua hadi dakika chache kutafakari kwenye mkoba wako wa Shara,Ana aiwatar da ma'amalar ku Yana iya ɗaukar toan mintuna kaɗan don yin tunani a cikin walat ɗin ku na Shara,,,
payment_activities.payment_activity.received_payment,Received payment of **{{amount}}** via **{{provider}}**,Imepokelewa malipo ya **{{amount}}** kupitia **{{provider}}**,Na karbi biyan **{{amount}}**  ta **{{provider}}**,,,
payment_activities.payment_activity.withdrawal,Withdrawal of **{{amount}}** to your **{{provider}}**,Uondoaji ya **{{amount}}** kwa yako **{{provider}}**,Cirar **{{amount}}** Zuwa**{{provider}}**,,,
payment_activities.payment_activity.select_customer,Select Customer,Chagua Mteja,Zabi kwastoma,,,
payment_activities.withdraw_excess_error,Withdrawal amount is greater than your wallet balance,Uondoaji kiasi ni kubwa zaidi kuliko yako mkoba usawa,Farashin da ake son cira Yawucan yawan balans din walet,,,
payment_activities.withdraw_amount_required_error,Amount is required,Kiasi kinahitajika,Ana buƙatar adadin,,,
payment_activities.withdraw_minimum_error,Withdrawal amount must be greater than {{amount}},Kiasi cha uondoaji lazima kiwe kikubwa kuliko {{kiasi}},Adadin janyewa dole ne ya fi {{adadin}},,,
payment_activities.not_available.title,Not available in your country,Haipatikani katika nchi yako,Babushi a kasar ku,,,
payment_activities.not_available.description,"Hey there, payment is currently unavailable in your country. We're working hard to bring it to you soon","Halo, malipo hayapatikani katika nchi yako. Tunajitahidi sana kukuletea hivi karibuni",Bamu da tsarin biya a cikin kasarku a yanzu. Muna kokarin mu samar maku dashi nan ba da dadewa ba,,,
payment_activities.not_available.fields.method_of_disbursement.label,How do you receive payment in your country?,Je! Unapokeaje malipo katika nchi yako?,Tawacca hanya ake biyan kudi a kasarku ?,,,
payment_activities.not_withdrawal_acct.title,No Withdrawal Account,Hakuna Akaunti ya Kuondoa,ba Akawun na cirar kudi,,,
payment_activities.not_withdrawal_acct.description,Please we need to know where to send your money to. Please go and set this up,Tafadhali tunahitaji kujua mahali pa kutuma pesa zako. Tafadhali nenda na usanidi hii,Muna bukatar musan gurin da zamu tura kudinku. Aje a saita,,,
payment_activities.not_withdrawal_acct.tag,Go to payment settings,Nenda kwenye mipangilio ya malipo,Aje saitin biya,,,
payment_activities.bnpl_text,BNPL,BNPL,BNPL,,,
payment_activities.feedback_submitted,Feedback Submitted,Maoni yamewasilishwa,An tura amsa,,,
payment_activities.stk_push.confirmation_text,A notification has been sent to your MPESA number **{{mobile}}**. Please check your phone to confirm.,Arifa imetumwa kwa nambari yako ya MPESA **{{mobile}}**. Tafadhali angalia simu yako ili kuthibitisha.,An aika sanarwar zuwa lambar MPESA ɗinka **{{mobile}}**. Da fatan za a duba wayarka don tabbatarwa.,,,
payment_activities.stk_push.notification_sent,Notificaiton sent,Arifa imetumwa,An aika sanarwar,,,
payment_activities.stk_push.fields.amount.label,Amount,Kiasi,Adadin,,,
payment_activities.stk_push.fields.amount.placeholder,Enter amount,Ingiza kiasi,Shigar da adadin,,,
payment_activities.stk_push.fields.amount.errorMessage,Amount is required,Kiasi kinahitajika,Ana buƙatar adadin,,,
payment_activities.stk_push.fields.mobile.label,Phone Number,Nambari ya simu,Lambar tarho,,,
payment_activities.stk_push.fields.mobile.placeholder,Enter your phone number,Ingiza nambari yako ya simu,Shigar da lambar wayarka,,,
payment_activities.stk_push.fields.mobile.errorMessage,Phone Number is required,Nambari ya simu inahitajika,Ana buƙatar Lambar waya,,,
payment_activities.stk_push.amount_minimum_error,Amount must be greater than {{amount}},Kiasi lazima kiwe kikubwa kuliko {{kiasi}},Adadin dole ne ya fi {{amount}},,,
payment_activities.bnpl_drawdown_item,Buy now pay later drawdown of **{{amount}}** to **{{customer}}**,Nunua sasa lipa uchoraji baadaye wa ** {{amount}} ** hadi ** {{customer}} **,Sayi yanzu biya daga gaba ** {{amount}} ** zuwa ** {{customer}} **,,,
payment_activities.bnpl_repayment_item,Buy now pay later repayment of **{{amount}}** from **{{customer}}**,Nunua sasa ulipe ulipaji wa baadaye wa ** {{amount}} ** kutoka kwa ** {{customer}} **,Sayi yanzu biya da aka biya nan gaba na ** {{amount}} ** zuwa ** {{customer}} **,,,
payment_activities.no_decimals,MPESA doesn't allow for decimal payments,MPESA hairuhusu malipo ya desimali,MPESA baya bada izinin biyan kuɗin goma,,,
drawdown.title,Drawdown,Kuchora,Drawdown,,,
drawdown.amount_available,Amount available for drawdown,Kiasi kinapatikana kwa kushuka,Farashin da ake dashi na drawndown,,,
drawdown.amount_owed,Total Owed - {{total_owed}},Jumla ya Owed - {{total_owed}},jimlar bashi  - {{total_owed}},,,
drawdown.take_drawdown,Take Drawdown,Chukua Mchoro,Karbi Drawdown,,,
drawdown.make_repayment,Make Repayment,Ulipa,Biya,,,
drawdown.nothing_here,Nothing to show here,Hakuna cha kuonyesha hapa,Ba abin nunawa anan,,,
drawdown.drawdown_history,Drawdown History,Historia ya Kuchora,Tarihin Drawdown,,,
drawdown.active_drawdowns,Active Drawdowns,Vivutio Vinavyotumika,Drawdown na yanzu,,,
drawdown.take_drawdown_lead_text,Note: All funds will be added to your wallet balance,Kumbuka: Fedha zote zitaongezwa kwenye salio lako la mkoba,Sako: kudin gaba daya za a karasu a balans din walet dinku\,,,
drawdown.repayment,Repayment,Ulipaji,Sake biya,,,
drawdown.make_payment,Make Payment,Fanya Malipo,Biya,,,
drawdown.repayment_date.without_date,Repayment Date,Tarehe ya Ulipaji,Ranar biya,,,
drawdown.repayment_date.with_date,Repayment Date **{{date}}**,Tarehe ya Ulipaji **{{date}}**,Ranar biya **{{date}}**,,,
drawdown.repayment_amount,Repayment amount (includes {{amount}} transaction fee),Kiasi cha ulipaji (inajumuisha ada ya manunuzi ya {{amount}}),Adadin kudin da za a biya (yahada da {{amount}} Ladan cinikayya),,,
drawdown.request,Request,Omba,Nema,,,
drawdown.what_is_drawdown,What is drawdown,Nini ni kushuka,Mene Bashi,,,
drawdown.drawdown_item_text,Drawdown of **{{amount}}** to your wallet on **{{date}}**,Kushuka ya **{{amount}}** kwa yako mkoba kuwasha **{{date}}**,Bashin **{{amount}}** zuwa cikin walet dinku a ranar **{{date}}**,,,
drawdown.transaction_fee,Transaction Fee,Shughuli Ada,Ladan cinikayya,,,
drawdown.withdraw_success,Your withdrawal of **{{amount}}** was successful. Funds have been added to your wallet balance.,Uondoaji wako wa ** {{amount}} ** umefanikiwa. Fedha zimeongezwa kwenye salio lako la mkoba.,Kudin da kuka cire sun fita cikin nasara naira **{{amount}}**. kudi sun karu a wallet dinka,,,
drawdown.withdraw_excess_error,Withdrawal amount is more than your drawdown limit,Kiasi cha uondoaji ni zaidi ya kikomo chako cha kushuka,Adadin Kudin da kukeson cira yawuce iyakar udin da za a iya Aramaku,,,
drawdown.repayment_excess_error,The amount you want to pay is more than your wallet balance,Kiasi unachotaka kulipa ni zaidi ya salio lako la mkoba,kudin dake cikin walet dinka basu kai yawan kudin da kakeson biya ba,,,
drawdown.amount_required_error,Amount is required,Kiasi kinahitajika,Ana buƙatar adadin,,,
drawdown.not_qualified,You do not qualify for drawdowns at the moment.,Haustahiki kushuka kwa wakati huu.,Baku cancanta da wannan damar ba a wannan lokacin,,,
drawdown.repayment_success,Your drawdown repayment of **{{amount}}** was successful. Funds have been deducted from your wallet balance.,Ulipaji wako wa kushuka kwa ** {{amount}} ** ulifanikiwa. Fedha zimekatwa kutoka kwenye salio lako la mkoba.,biyan bashin da kukayi na naira **{{amount}}** yazo cikin nasara. Acire kudi daga walet dinku,,,
drawdown.repayment_item_text,Drawdown repayment of **{{amount}}** from your wallet on **{{date}}**,Ulipaji wa uchoraji wa ** {{amount}} ** kutoka kwa mkoba wako tarehe ** {{date}} **,sake biyan Drawdown na **{{amount}}** daga wallet dinku a ranar **{{date}}**,,,
bnpl.not_available.instruction,Receive and withdraw money using your Shara wallet. Click the button below to get started.,Pokea na toa pesa kwa kutumia mkoba wako wa Shara. Bonyeza kitufe hapa chini ili kuanza.,Karba da cire kudi ta amfani da walat din ka na Shara. Danna maballin da ke ƙasa don farawa.,,,
bnpl.not_available.button_text,Go to money settings,Nenda kwenye mipangilio ya pesa,Jeka saitunan kuɗi,,,
bnpl.day_text.one,{{amount}} day,{{amount}} siku,{{amount}} rana,,,
bnpl.day_text.other,{{amount}} days,{{amount}} siku,{{amount}} kwanaki,,,
bnpl.active_text,Active,Inatumika,Na aiki,,,
bnpl.complete_text,Complete,Kukamilisha,Kammala,,,
bnpl.clients_text,Clients,Wateja,Abokan ciniki,,,
bnpl.new_transaction_text,New transaction,Shughuli mpya,Sabuwar ma'amala,,,
bnpl.total_completed_text,Total completed,Jumla imekamilika,An gama duka,,,
bnpl.amount_used_text,Amount drawn,Kiasi kilichochorwa,Adadin da aka zana,,,
bnpl.amount_available_text,Amount available,Kiasi kinapatikana,Adadin akwai,,,
bnpl.completed_text,Completed,Imekamilika,Kammala,,,
bnpl.payment_left_text.one,{{amount}} payment left,Malipo ya {{amount}} yamebaki,{{amount}} biya ya rage,,,
bnpl.payment_left_text.other,{{amount}} payments left,Malipo {{amount}} yamebaki,{{amount}} biyan kuɗi,,,
bnpl.payment_made_text.one,{{amount}} payment made,{{amount}} malipo yamefanywa,{{amount}} biyan da aka yi,,,
bnpl.payment_made_text.other,{{amount}} payments made,Malipo {{amount}} yamefanywa,{{amount}} biyan kuɗi,,,
bnpl.active_empty_state,You have no active BNPL transactions yet. Click the button below to get started.,Bado huna shughuli zozote za BNPL. Bonyeza kitufe hapa chini ili kuanza.,Ba ku da ma'amalar BNPL mai aiki tukuna. Danna maballin da ke ƙasa don farawa.,,,
bnpl.complete_empty_state,You have no fully completed BNPL transactions yet. Click the button below to get started.,Bado hujamaliza shughuli zote za BNPL. Bonyeza kitufe hapa chini ili kuanza.,Ba ku da cikakkiyar ma'amalar BNPL har yanzu. Danna maballin da ke ƙasa don farawa.,,,
bnpl.repayment_per_week,{{amount}}/week,{{amount}}/wiki,{{amount}}/mako,,,
bnpl.record_transaction.title,Enter transaction,Ingiza shughuli,Shigar da ma'amala,,,
bnpl.record_transaction.fields.note.label,Note,Kumbuka,Lura,,,
bnpl.record_transaction.fields.note.placeholder,E.g what was sold or any other information,K.m kile kilichouzwa au habari nyingine yoyote,E.g abin da aka sayar ko wani bayani,,,
bnpl.record_transaction.fields.total_amount.label,Total Amount,Jumla,Jimla,,,
bnpl.record_transaction.fields.total_amount.errorMessage,Total amount is required,Kiasi cha jumla kinahitajika,Ana buƙatar adadin duka,,,
bnpl.record_transaction.fields.amount_paid.label,Amount Paid,Kiasi Kilicholipwa,Adadin Biyan,,,
bnpl.record_transaction.fields.customer.label,Customer,Mteja,Abokin ciniki,,,
bnpl.record_transaction.fields.customer.placeholder,Select a customer,Chagua mteja,Zaɓi abokin ciniki,,,
bnpl.record_transaction.fields.customer.errorMessage,Customer is required,Mteja anahitajika,Ana buƙatar abokin ciniki,,,
bnpl.record_transaction.balance,Balance,Usawa,Daidaita,,,
bnpl.record_transaction.bnpl_terms_text,Buy now pay later terms,Nunua sasa ulipe masharti ya baadaye,Sayi yanzu biya sharuɗɗa daga baya,,,
bnpl.record_transaction.repayment_date,to be paid in full by {{date}},kulipwa kamili na {{date}},da za a biya su cikakke ta {{date}},,,
bnpl.record_transaction.excess_amount_error,Amount is more than amount available for drawdown,Kiasi ni zaidi ya kiasi kinachopatikana kwa uharibifu,Adadin ya fi adadin da ake samu don zanawa,,,
bnpl.confirmation.instruction,1. Accept the terms of the BNPL offered by Shara to you 2. Confirm that your client has accepted the terms of the BNPL you are offering them powered by Shara.,1. Kubali masharti ya BNPL uliyopewa na Shara kwako 2. Thibitisha kuwa mteja wako amekubali masharti ya BNPL unayowapa inayotumiwa na Shara.,1. Yarda da sharuddan BNPL da Shara ta gabatar muku 2. Tabbatar cewa abokin aikin ka ya karbi sharuɗɗan BNPL da kake bayarwa ta hanyar Shara.,,,
bnpl.confirmation.title,Confirm Buy Now Pay Later,Thibitisha Nunua Sasa Lipa Baadaye,Tabbatar Sayi Yanzu Biya Daga baya,,,
bnpl.confirmation.terms,**Terms**,** Masharti **,** Sharudda **,,,
bnpl.confirmation.client_terms,I confirm that my Client has accepted the terms of the Buy Now Pay Later product I am offering him or her.,Ninathibitisha kuwa Mteja wangu amekubali masharti ya bidhaa ya Nunua Sasa Lipa Baadaye ninayompa.,Na tabbatar cewa Abokin ciniki na ya amince da sharuɗɗan kayan Siyarwa Na Biyar Yanzu Ina ba shi ko ita.,,,
bnpl.confirmation.merchant_terms,I have accepted the [Terms and Conditions](https://docs.google.com/document/d/e/2PACX-1vR-gp6aV3UKaVUo8KVqpNMpITxqZG6AgC1M4_ZPH9DQj4ApsHceJcrrl93KemalVg/pub) for Shara Buy Now Pay Later,Nimekubali [Kanuni na Masharti] (https://docs.google.com/document/d/e/2PACX-1vR-gp6aV3UKaVUo8KVqpNMpITxqZG6AgC1M4_ZPH9DQj4ApsHceJcrrl93KemalVg/pub) ya Shara Buy Now Pay baadaye,Na yarda da [Sharuɗɗa da Sharuɗɗa] (https://docs.google.com/document/d/e/2PACX-1vR-gp6aV3UKaVUo8KVqpNMpITxqZG6AgC1M4_ZPH9DQj4ApsHceJcrrl93KemalVg/pub) don Shara Buy Yanzu,,,
bnpl.success.heading,Buy Now Pay Later Successful,Nunua sasa Lipa Baadaye Umefanikiwa,Sayi Yanzu Biya Biyan Nasara Daga baya,,,
bnpl.success.outstanding,The outstanding amount of {{amount}} has been added to your wallet.,Kiasi kilichobaki cha {{amount}} kimeongezwa kwenye mkoba wako.,An saka fitaccen adadin {{amount}} a cikin walat din ku.,,,
bnpl.success.payment,Client pays {{amount}} over {{days}} days,Mteja hulipa {{amount}} zaidi ya siku {{days}},Abokin ciniki yana biyan {{adadin}} sama da kwanaki {{days}},,,
bnpl.share_receipt,Share Receipt,Shiriki Stakabadhi,Raba Raba,,,
bnpl.receipt.bnpl_text,Buy Now Pay Later (8 weeks),Nunua Sasa Lipa Baadaye (wiki 8),Sayi Yanzu Biya Daga baya (makonni 8),,,
bnpl.buy_now_pay_later,Buy Now Pay Later,Nunua Sasa Lipa Baadaye,Sayi Yanzu Biya Daga baya,,,
bnpl.add_repayment,Add Repayment,Ongeza Ulipaji,Repara Biya,,,
bnpl.transaction_details,Transaction Details,Maelezo ya Muamala,Bayanin ma'amala,,,
bnpl.client.upcoming_text,Upcoming,Inayokuja,Mai zuwa,,,
bnpl.client.paid_text,Paid,Imelipwa,An biya,,,
bnpl.client.wallet_balance,Wallet balance {{amount}},Salio la mkoba {{amount}},Gwajin jaka {{amount}},,,
bnpl.client.add_repayment_note,Note that this amount will be deducted from your wallet balance,Kumbuka kuwa kiasi hiki kitatolewa kutoka kwa salio lako la mkoba,Lura cewa za a cire wannan adadin daga jakar walat din ku,,,
bnpl.client.repayment_to_shara,Repayment to Shara Inc.,Ulipaji kwa Shara Inc.,Biyan kudi ga Shara Inc.,,,
bnpl.client.repayment.fields.amount.label,Amount,Kiasi,Adadin,,,
bnpl.client.repayment.fields.amount.errorMessage,Amount is required,Kiasi kinahitajika,Ana bukatar adadin,,,
bnpl.client.repayment.success.heading,Buy Now Pay Later Payment Successful,Nunua sasa Lipa baadaye Malipo Yamefanikiwa,Sayi Yanzu Biyan Biyan Daga Baya Yayi Nasara,,,
bnpl.client.repayment.success.payment,Payment of {{amount}} confirmed and deducted from your wallet balance,Malipo ya {{amount}} yamethibitishwa na kutolewa kwenye salio lako la mkoba,Biya na {{amount}} an tabbatar kuma an cire daga cikin walat din ku,,,
bnpl.client.repayment.success.outstanding,Outstanding: {{amount}} over {{days}} days,Iliyoangaziwa: {{amount}} zaidi ya siku {{days}},Fitacce: {{amount}} sama da kwanaki {{days}},,,
bnpl.client.repayment.success.repayment_complete,BNPL Transaction Repayment Completed!,Ulipaji wa Ununuzi wa BNPL Umekamilika!,BNPL Transaction Biyan Aka Kammala!,,,
bnpl.client.empty_state,{{client}} has made no repayment yet. Click the button below to record a repayment.,{{mteja}} bado hajalipa. Bonyeza kitufe hapa chini kurekodi ulipaji.,{{abokin ciniki}} bai biya ba tukuna. Danna maɓallin da ke ƙasa don yin rikodin biya.,,,
bnpl.client.paid,Paid,Imelipwa,An biya,,,
bnpl.client.not_paid,Not paid,Haikulipwa,Ba a biya ba,,,
bnpl.client.past_due,Past due,Uliopita,Lokacin da ya wuce,,,
bnpl.transaction_info.date,{{date}},{{tarehe}},{{kwanan wata}},,,
bnpl.transaction_info.total_amount_text,Total Amount,Jumla,Jimla,,,
bnpl.transaction_info.total_amount,{{amount}},{{kiasi}},{{adadin}},,,
bnpl.transaction_info.paid_text,Paid,Imelipwa,An biya,,,
bnpl.transaction_info.paid_amount,{{amount}},{{kiasi}},{{adadin}},,,
bnpl.transaction_info.outstanding_text,Outstanding,Bora,Fitacce,,,
bnpl.transaction_info.outstanding_amount,{{amount}},{{kiasi}},{{adadin}},,,
bnpl.transaction_info.notes,Notes,Vidokezo,Bayanan kula,,,
bnpl.transaction_info.notes_text_content,{{notes}},{{noti}},{{bayanin kula}},,,
bnpl.recent_purchase_message,"Hi {{customer_name}}, thank you for your recent purchase.","Habari {{mteja_ jina}}, asante kwa ununuzi wako wa hivi karibuni","Barka dai {{sunan abokin ciniki}}, na gode da siyan da kuka yi kwanan nan.",,,
bnpl.recent_purchase_message_from_business,"Hi {{customer_name}}, thank you for your recent purchase from {{business_name}}.","Habari {{mteja_jina}}, asante kwa ununuzi wako wa hivi majuzi kutoka {{{jina_la jina}}.","Barka dai {{abokin ciniki_name}}, na gode da siyan kwanan nan daga {{kasuwanci_name}}.",,,
bnpl.you_paid_message,You paid {{amount}}.,Ulilipa {{amount}}.,Kun biya {{adadin}}.,,,
bnpl.you_owe_message,You owe {{credit_amount}}.,Unadaiwa {{credit_mount}}.,Ana binka {{credit_amount}},,,
bnpl.next_repayment,Your next repayment is {{amount}} and it is due on {{date}}.,Ulipaji wako unaofuata ni {{kiasi}} na unastahili kulipwa tarehe {{date}}.,Biyan ku na gaba shine {{adadin}} kuma ya dace a kan {{date}},,,
bnpl.first_repayment,Your first repayment is {{amount}} and it is due on {{date}}.,Ulipaji wako wa kwanza ni {{kiasi}} na unastahili kulipwa tarehe {{date}}.,Biyan ku na farko shine {{adadin}} kuma ya dace a ranar {{date}}.,,,
copied,Copied,Imenakiliwa,An kwafa,,,
submit,Submit,Wasilisha,Tura,,,
